{
  "index.html": 1723476386495,
  "model/models.js": 1723476386495,
  "manifest.json": 1724687464059,
  "controller/Main.controller.js": 1723476386495,
  "controller/App.controller.js": 1723476386495,
  "Component.js": 1723476386495,
  "Component-preload.js": 1724687464340,
  "model/models-dbg.js": 1723476386495,
  "controller/Main-dbg.controller.js": 1723476386495,
  "controller/App-dbg.controller.js": 1723476386495,
  "Component-dbg.js": 1723476386495,
  "view/Main.view.xml": 1723476386495,
  "view/App.view.xml": 1723476386495,
  "css/style.css": 1723476386495,
  "i18n/i18n.properties": 1723476386495
}