{
  "css/style.css": 1729526335529,
  "controller/Main.controller.js": 1729526335529,
  "model/models.js": 1729526335529,
  "manifest.json": 1729869784542,
  "controller/App.controller.js": 1729526335529,
  "Component.js": 1729526335529,
  "Component-preload.js": 1729869784813,
  "controller/App-dbg.controller.js": 1729526335529,
  "controller/Main-dbg.controller.js": 1729526335529,
  "model/models-dbg.js": 1729526335529,
  "Component-dbg.js": 1729526335529,
  "view/Main.view.xml": 1729526335529,
  "view/App.view.xml": 1729526335529,
  "i18n/i18n.properties": 1729526335529,
  "index.html": 1729526335529
}