{
  "view/App.view.xml": 1715808566267,
  "manifest.json": 1715809348828,
  "model/models.js": 1715808566263,
  "controller/Main.controller.js": 1715808566267,
  "controller/App.controller.js": 1715808566263,
  "Component.js": 1715808566255,
  "Component-preload.js": 1715809349207,
  "controller/App-dbg.controller.js": 1715808566263,
  "controller/Main-dbg.controller.js": 1715808566267,
  "model/models-dbg.js": 1715808566263,
  "Component-dbg.js": 1715808566255,
  "view/Main.view.xml": 1715808566267,
  "i18n/i18n.properties": 1715808566259,
  "css/style.css": 1715808566263,
  "index.html": 1715808566255
}